utilisateur_id;prenom;nom;email;date_inscription
0;Marie;Dupont;marie.dupont@gmail.com;2015-03-12
1;Pierre;Martin;pierre.martin@gmail.com;2020-11-05
2;Sophie;Leroy;sophie.leroy@gmail.com;2005-08-19
3;Luc;Bernard;luc.bernard@gmail.com;1999-02-28
4;Émilie;Petit;emilie.petit@gmail.com;2018-07-14
5;Antoine;Moreau;antoine.moreau@gmail.com;1985-09-01
6;Camille;Laurent;camille.laurent@gmail.com;2023-04-30
7;Thomas;Simon;thomas.simon@gmail.com;2008-12-15
8;Julie;Michel;julie.michel@gmail.com;2012-06-22
9;Nicolas;Dubois;nicolas.dubois@gmail.com;1995-10-07
10;Claire;Roux;claire.roux@gmail.com;2024-01-18
11;François;Fournier;francois.fournier@gmail.com;1988-05-25
12;Laura;Girard;laura.girard@gmail.com;2019-09-11
13;Maxime;Bonnet;maxime.bonnet@gmail.com;2003-07-03
14;Céline;Dumont;celine.dumont@gmail.com;2017-08-09
15;Alexandre;Lambert;alexandre.lambert@gmail.com;1992-04-17
16;Élodie;Fontaine;elodie.fontaine@gmail.com;2021-10-31
17;Guillaume;Rousseau;guillaume.rousseau@gmail.com;2000-03-08
18;Manon;Vincent;manon.vincent@gmail.com;2016-12-24
19;Hugo;Lefebvre;hugo.lefebvre@gmail.com;1998-11-13
20;Charlotte;Gauthier;charlotte.gauthier@gmail.com;2025-02-14
21;Louis;Martinez;louis.martinez@gmail.com;2007-06-27
22;Sarah;Blanc;sarah.blanc@gmail.com;1983-01-30
23;Mathieu;Chevalier;mathieu.chevalier@gmail.com;2014-05-21
24;Léa;Henry;lea.henry@gmail.com;1997-09-04
25;Baptiste;Roussel;baptiste.roussel@gmail.com;2022-07-16
26;Chloé;Nicolas;chloe.nicolas@gmail.com;2009-04-05
27;Quentin;Perrin;quentin.perrin@gmail.com;1980-12-31
28;Inès;Mercier;ines.mercier@gmail.com;2011-03-19
29;Rémi;Dufour;remi.dufour@gmail.com;1993-08-22
30;Anaïs;Masson;anais.masson@gmail.com;2024-06-11
31;Théo;Marchand;theo.marchand@gmail.com;2006-02-09
32;Ophélie;Denis;ophelie.denis@gmail.com;1994-07-28
33;Benjamin;Dumont;benjamin.dumont@gmail.com;2010-10-10
34;Léna;Marie;lena.marie@gmail.com;2020-09-03
35;Paul;Lemoine;paul.lemoine@gmail.com;1987-05-14
36;Zoé;Noël;zoe.noel@gmail.com;2004-11-26
37;Sacha;Meyer;sacha.meyer@gmail.com;2013-04-01
38;Maëlys;Caron;maelys.caron@gmail.com;1991-12-07
39;Enzo;Garnier;enzo.garnier@gmail.com;2018-08-18
40;Louna;Faure;louna.faure@gmail.com;1982-06-23
41;Nathan;Blanchard;nathan.blanchard@gmail.com;2001-01-15
42;Ambre;Barbier;ambre.barbier@gmail.com;2023-05-29
43;Tom;Pons;tom.pons@gmail.com;1996-07-12
44;Lilou;Julien;lilou.julien@gmail.com;2015-09-20
45;Yann;Colin;yann.colin@gmail.com;1989-03-25
46;Éva;Arnaud;eva.arnaud@gmail.com;2002-10-08
47;Axel;Lacroix;axel.lacroix@gmail.com;2019-12-01
48;Louise;Philippe;louise.philippe@gmail.com;1990-04-13
49;Noah;Bertrand;noah.bertrand@gmail.com;2017-11-27
50;Lola;Rivière;lola.riviere@gmail.com;1984-02-16
51;Gabin;Leclerc;gabin.leclerc@gmail.com;2021-07-05
52;Clémence;Guérin;clemence.guerin@gmail.com;2008-08-19
53;Marius;Mallet;marius.mallet@gmail.com;1999-05-30
54;Romane;Huet;romane.huet@gmail.com;2014-01-22
55;Kylian;Berger;kylian.berger@gmail.com;1986-09-14
56;Alice;Renard;alice.renard@gmail.com;2025-03-08
57;Nolan;Schmitt;nolan.schmitt@gmail.com;2005-12-10
58;Elsa;Perrot;elsa.perrot@gmail.com;1992-06-04
59;Timothée;Rolland;timothee.rolland@gmail.com;2011-02-28
60;Lana;Gillet;lana.gillet@gmail.com;1981-07-17
61;Matteo;Vasseur;matteo.vasseur@gmail.com;2007-04-11
62;Julia;Maillard;julia.maillard@gmail.com;2020-10-25
63;Samuel;Leger;samuel.leger@gmail.com;1995-11-09
64;Myriam;Adam;myriam.adam@gmail.com;2016-08-06
65;Victor;Toussaint;victor.toussaint@gmail.com;1988-01-13
66;Anna;Jourdan;anna.jourdan@gmail.com;2003-03-27
67;Aaron;Bouvier;aaron.bouvier@gmail.com;2013-07-31
68;Léonie;Raynaud;leonie.raynaud@gmail.com;1997-04-02
69;Raphaël;Palut;raphael.palut@gmail.com;2024-12-24
70;Luna;Marin;luna.marin@gmail.com;1983-08-28
71;Mohamed;Poirier;mohamed.poirier@gmail.com;2009-06-15
72;Agathe;Jacquet;agathe.jacquet@gmail.com;1994-05-07
73;Ethan;Potier;ethan.potier@gmail.com;2018-02-19
74;Amandine;Legrand;amandine.legrand@gmail.com;1985-10-03
75;Noé;Benard;noe.benard@gmail.com;2000-09-26
76;Lina;Charles;lina.charles@gmail.com;2022-11-12
77;Théodore;Lucas;theodore.lucas@gmail.com;1991-01-05
78;Eva;Francois;eva.francois@gmail.com;2010-07-29
79;Gaspard;Roche;gaspard.roche@gmail.com;2006-04-16